<?xml version="1.0" encoding="UTF-8"?><?xml-stylesheet type="text/css" href="idempiereDocument.css"?><idempiereDocument>
    <header>Alt_OrderLine Package Description</header>
    <H1>Package Name:</H1>
    <packagename>Alt_OrderLine</packagename>
    <H1>Author:</H1>
    <Name:/>
    <H1>Email Address:</H1>
    <Email/>
    <H1>Created:</H1>
    <Date>2015-12-12 12:30:46.134</Date>
    <H1>Updated:</H1>
    <Date>2015-12-14 22:14:30.483</Date>
    <H1>Description:</H1>
    <description>RUN AltOrderLineVIew.sql first before Pack In or install this plugin.</description>
    <H1>Instructions:</H1>
    <instructions/>
    <H1>Files in Package:</H1>
    <file>File: PackOut.xml</file>
    <filedirectory>Directory: \dict\</filedirectory>
    <filenotes>Notes: Contains all application/object settings for package</filenotes>
    <H1>Client:</H1>
    <Client>0-SYSTEM-System</Client>
</idempiereDocument>
